Time;J_MUR_T1;TP_EF_T1
21.11.2015 0:0:0;80.79;74.06
21.11.2015 0:1:0;80.79;74.06
21.11.2015 0:2:0;80.79;73.88
21.11.2015 0:3:0;80.79;73.80
21.11.2015 0:4:0;80.79;73.80
21.11.2015 0:5:0;80.79;73.19
21.11.2015 0:6:0;80.70;73.67
21.11.2015 0:7:0;80.61;73.67
21.11.2015 0:8:0;80.53;73.58
21.11.2015 0:9:0;80.53;73.58
21.11.2015 0:10:0;80.40;73.36
21.11.2015 0:11:0;80.35;73.23
21.11.2015 0:12:0;80.35;73.32
21.11.2015 0:13:0;80.48;73.41
21.11.2015 0:14:0;80.40;73.67
21.11.2015 0:15:0;80.48;74.01
21.11.2015 0:16:0;80.48;74.10
21.11.2015 0:17:0;80.48;74.28
21.11.2015 0:18:0;80.48;74.19
21.11.2015 0:19:0;80.61;74.01
21.11.2015 0:20:0;80.61;74.01
21.11.2015 0:21:0;80.70;73.80
21.11.2015 0:22:0;80.70;73.67
21.11.2015 0:23:0;80.79;73.58
21.11.2015 0:24:0;80.83;73.45
21.11.2015 0:25:0;80.79;73.36
21.11.2015 0:26:0;80.79;73.36
21.11.2015 0:27:0;80.79;73.10
21.11.2015 0:28:0;80.83;72.93
21.11.2015 0:29:0;80.83;73.10
21.11.2015 0:30:0;80.79;73.41
21.11.2015 0:31:0;80.79;73.58
21.11.2015 0:32:0;80.79;73.75
21.11.2015 0:33:0;80.70;73.75
21.11.2015 0:34:0;80.61;73.58
21.11.2015 0:35:0;80.70;73.45
21.11.2015 0:36:0;80.57;73.23
21.11.2015 0:37:0;80.48;73.19
21.11.2015 0:38:0;80.40;72.97
21.11.2015 0:39:0;80.40;72.97
21.11.2015 0:40:0;80.48;72.97
21.11.2015 0:41:0;80.48;72.37
21.11.2015 0:42:0;80.48;72.71
21.11.2015 0:43:0;80.48;73.45
21.11.2015 0:44:0;80.40;73.80
21.11.2015 0:45:0;80.48;73.88
21.11.2015 0:46:0;80.48;74.19
21.11.2015 0:47:0;80.57;74.28
21.11.2015 0:48:0;80.57;74.10
21.11.2015 0:49:0;80.57;74.19
21.11.2015 0:50:0;80.70;74.41
21.11.2015 0:51:0;80.61;74.41
21.11.2015 0:52:0;80.61;74.41
21.11.2015 0:53:0;80.57;74.41
21.11.2015 0:54:0;80.61;74.28
21.11.2015 0:55:0;80.61;74.19
21.11.2015 0:56:0;80.61;74.19
21.11.2015 0:57:0;80.61;74.06
21.11.2015 0:58:0;80.57;74.06
21.11.2015 0:59:0;80.57;73.88
21.11.2015 1:0:0;80.57;73.88
21.11.2015 1:1:0;80.57;73.80
21.11.2015 1:2:0;80.57;73.67
21.11.2015 1:3:0;80.70;73.58
21.11.2015 1:4:0;80.70;73.58
21.11.2015 1:5:0;80.53;73.45
21.11.2015 1:6:0;80.53;73.36
21.11.2015 1:7:0;80.57;73.10
21.11.2015 1:8:0;80.57;72.93
21.11.2015 1:9:0;80.57;72.28
21.11.2015 1:10:0;80.57;72.93
21.11.2015 1:11:0;80.57;72.93
21.11.2015 1:12:0;80.57;72.93
21.11.2015 1:13:0;80.57;72.80
21.11.2015 1:14:0;80.57;72.71
21.11.2015 1:15:0;80.57;72.54
21.11.2015 1:16:0;80.57;72.54
21.11.2015 1:17:0;80.57;72.58
21.11.2015 1:18:0;80.57;73.32
21.11.2015 1:19:0;80.57;73.23
21.11.2015 1:20:0;80.57;73.80
21.11.2015 1:21:0;80.57;74.41
21.11.2015 1:22:0;80.57;74.49
21.11.2015 1:23:0;80.57;74.28
21.11.2015 1:24:0;80.57;74.62
21.11.2015 1:25:0;80.57;74.71
21.11.2015 1:26:0;80.57;74.62
21.11.2015 1:27:0;80.57;74.28
21.11.2015 1:28:0;80.48;74.10
21.11.2015 1:29:0;80.57;74.01
21.11.2015 1:30:0;80.57;74.01
21.11.2015 1:31:0;80.57;73.88
21.11.2015 1:32:0;80.57;73.88
21.11.2015 1:33:0;80.57;73.88
21.11.2015 1:34:0;80.57;73.32
21.11.2015 1:35:0;80.74;73.32
21.11.2015 1:36:0;80.70;73.67
21.11.2015 1:37:0;80.61;74.28
21.11.2015 1:38:0;80.70;74.41
21.11.2015 1:39:0;80.70;74.62
21.11.2015 1:40:0;80.61;74.97
21.11.2015 1:41:0;80.70;74.97
21.11.2015 1:42:0;80.57;74.88
21.11.2015 1:43:0;80.61;74.88
21.11.2015 1:44:0;80.70;74.88
21.11.2015 1:45:0;80.70;74.88
21.11.2015 1:46:0;80.79;74.71
21.11.2015 1:47:0;80.83;74.71
21.11.2015 1:48:0;80.83;74.62
21.11.2015 1:49:0;81.00;74.49
21.11.2015 1:50:0;81.00;74.41
21.11.2015 1:51:0;81.00;74.28
21.11.2015 1:52:0;81.00;74.28
21.11.2015 1:53:0;81.00;74.19
21.11.2015 1:54:0;80.79;74.10
21.11.2015 1:55:0;80.79;74.19
21.11.2015 1:56:0;80.70;74.84
21.11.2015 1:57:0;80.57;75.06
21.11.2015 1:58:0;80.57;75.06
21.11.2015 1:59:0;80.48;74.97
21.11.2015 2:0:0;80.57;74.88
21.11.2015 2:1:0;80.48;74.71
21.11.2015 2:2:0;80.53;74.84
21.11.2015 2:3:0;80.53;75.27
21.11.2015 2:4:0;80.61;75.36
21.11.2015 2:5:0;80.61;75.36
21.11.2015 2:6:0;80.70;75.27
21.11.2015 2:7:0;80.61;75.27
21.11.2015 2:8:0;80.61;75.10
21.11.2015 2:9:0;80.53;74.97
21.11.2015 2:10:0;80.48;74.97
21.11.2015 2:11:0;80.31;74.88
21.11.2015 2:12:0;80.18;74.88
21.11.2015 2:13:0;80.09;74.88
21.11.2015 2:14:0;79.96;74.62
21.11.2015 2:15:0;79.96;74.19
21.11.2015 2:16:0;79.96;73.88
21.11.2015 2:17:0;79.88;73.45
21.11.2015 2:18:0;79.92;73.80
21.11.2015 2:19:0;79.92;73.88
21.11.2015 2:20:0;79.96;73.80
21.11.2015 2:21:0;80.14;73.80
21.11.2015 2:22:0;80.27;73.36
21.11.2015 2:23:0;80.35;73.32
21.11.2015 2:24:0;80.40;73.32
21.11.2015 2:25:0;80.53;74.01
21.11.2015 2:26:0;80.61;74.01
21.11.2015 2:27:0;80.70;74.10
21.11.2015 2:28:0;80.74;74.49
21.11.2015 2:29:0;80.74;74.84
21.11.2015 2:30:0;80.74;74.71
21.11.2015 2:31:0;80.74;74.71
21.11.2015 2:32:0;80.70;74.62
21.11.2015 2:33:0;80.61;74.49
21.11.2015 2:34:0;80.53;74.41
21.11.2015 2:35:0;80.53;74.28
21.11.2015 2:36:0;80.53;74.19
21.11.2015 2:37:0;80.40;74.10
21.11.2015 2:38:0;80.27;73.88
21.11.2015 2:39:0;80.31;74.01
21.11.2015 2:40:0;80.31;74.62
21.11.2015 2:41:0;80.31;74.71
21.11.2015 2:42:0;80.31;74.84
21.11.2015 2:43:0;80.31;74.71
21.11.2015 2:44:0;80.40;74.84
21.11.2015 2:45:0;80.53;75.10
21.11.2015 2:46:0;80.53;75.10
21.11.2015 2:47:0;80.70;74.88
21.11.2015 2:48:0;80.79;74.88
21.11.2015 2:49:0;80.83;74.75
21.11.2015 2:50:0;80.92;74.62
21.11.2015 2:51:0;81.05;74.49
21.11.2015 2:52:0;81.05;74.41
21.11.2015 2:53:0;81.18;74.41
21.11.2015 2:54:0;81.13;74.41
21.11.2015 2:55:0;81.00;74.41
21.11.2015 2:56:0;80.79;74.19
21.11.2015 2:57:0;80.79;73.80
21.11.2015 2:58:0;80.70;73.45
21.11.2015 2:59:0;80.61;74.01
21.11.2015 3:0:0;80.53;74.41
21.11.2015 3:1:0;80.53;74.84
21.11.2015 3:2:0;80.40;74.93
21.11.2015 3:3:0;80.40;75.10
21.11.2015 3:4:0;80.40;74.97
21.11.2015 3:5:0;80.40;74.88
21.11.2015 3:6:0;80.40;74.71
21.11.2015 3:7:0;80.40;74.62
21.11.2015 3:8:0;80.40;74.49
21.11.2015 3:9:0;80.40;74.28
21.11.2015 3:10:0;80.31;74.28
21.11.2015 3:11:0;80.31;74.19
21.11.2015 3:12:0;80.35;74.01
21.11.2015 3:13:0;80.35;73.58
21.11.2015 3:14:0;80.27;73.58
21.11.2015 3:15:0;80.27;74.28
21.11.2015 3:16:0;80.18;74.49
21.11.2015 3:17:0;80.18;74.62
21.11.2015 3:18:0;80.14;74.84
21.11.2015 3:19:0;80.31;74.97
21.11.2015 3:20:0;80.18;75.19
21.11.2015 3:21:0;80.35;75.10
21.11.2015 3:22:0;80.40;74.97
21.11.2015 3:23:0;80.40;74.97
21.11.2015 3:24:0;80.27;74.88
21.11.2015 3:25:0;80.53;74.62
21.11.2015 3:26:0;80.61;74.62
21.11.2015 3:27:0;80.53;74.49
21.11.2015 3:28:0;80.48;74.49
21.11.2015 3:29:0;80.57;74.41
21.11.2015 3:30:0;80.61;74.28
21.11.2015 3:31:0;80.61;73.88
21.11.2015 3:32:0;80.57;74.19
21.11.2015 3:33:0;80.57;74.71
21.11.2015 3:34:0;80.61;74.93
21.11.2015 3:35:0;80.74;75.19
21.11.2015 3:36:0;80.57;75.36
21.11.2015 3:37:0;80.57;75.36
21.11.2015 3:38:0;80.53;75.10
21.11.2015 3:39:0;80.53;75.36
21.11.2015 3:40:0;80.48;75.53
21.11.2015 3:41:0;80.48;75.62
21.11.2015 3:42:0;80.53;75.36
21.11.2015 3:43:0;80.40;75.36
21.11.2015 3:44:0;80.53;75.27
21.11.2015 3:45:0;80.31;75.10
21.11.2015 3:46:0;80.48;74.97
21.11.2015 3:47:0;80.35;75.36
21.11.2015 3:48:0;80.27;75.36
21.11.2015 3:49:0;80.35;75.27
21.11.2015 3:50:0;80.27;75.10
21.11.2015 3:51:0;80.27;74.88
21.11.2015 3:52:0;80.27;74.88
21.11.2015 3:53:0;80.31;75.53
21.11.2015 3:54:0;80.31;75.71
21.11.2015 3:55:0;80.31;75.79
21.11.2015 3:56:0;80.31;75.79
21.11.2015 3:57:0;80.31;75.92
21.11.2015 3:58:0;80.18;75.92
21.11.2015 3:59:0;80.35;75.92
21.11.2015 4:0:0;80.18;75.53
21.11.2015 4:1:0;80.48;75.53
21.11.2015 4:2:0;80.53;75.62
21.11.2015 4:3:0;80.40;75.53
21.11.2015 4:4:0;80.53;75.36
21.11.2015 4:5:0;80.53;75.36
21.11.2015 4:6:0;80.53;75.27
21.11.2015 4:7:0;80.53;75.19
21.11.2015 4:8:0;80.53;75.10
21.11.2015 4:9:0;80.53;74.88
21.11.2015 4:10:0;80.53;74.62
21.11.2015 4:11:0;80.53;74.49
21.11.2015 4:12:0;80.53;75.10
21.11.2015 4:13:0;80.53;75.19
21.11.2015 4:14:0;80.61;74.97
21.11.2015 4:15:0;80.74;75.27
21.11.2015 4:16:0;80.83;75.53
21.11.2015 4:17:0;81.05;75.79
21.11.2015 4:18:0;81.22;75.79
21.11.2015 4:19:0;81.44;75.79
21.11.2015 4:20:0;81.79;75.71
21.11.2015 4:21:0;81.92;75.62
21.11.2015 4:22:0;82.05;75.62
21.11.2015 4:23:0;82.13;75.53
21.11.2015 4:24:0;82.26;75.36
21.11.2015 4:25:0;82.26;75.27
21.11.2015 4:26:0;82.13;75.19
21.11.2015 4:27:0;82.13;75.10
21.11.2015 4:28:0;82.05;74.62
21.11.2015 4:29:0;82.00;74.49
21.11.2015 4:30:0;81.92;75.19
21.11.2015 4:31:0;81.92;75.53
21.11.2015 4:32:0;81.83;75.79
21.11.2015 4:33:0;81.83;76.01
21.11.2015 4:34:0;81.83;76.01
21.11.2015 4:35:0;81.92;75.71
21.11.2015 4:36:0;82.00;75.92
21.11.2015 4:37:0;82.09;76.01
21.11.2015 4:38:0;82.22;76.01
21.11.2015 4:39:0;82.35;75.92
21.11.2015 4:40:0;82.52;75.84
21.11.2015 4:41:0;82.52;75.71
21.11.2015 4:42:0;82.74;75.58
21.11.2015 4:43:0;82.87;75.58
21.11.2015 4:44:0;82.87;75.19
21.11.2015 4:45:0;82.96;75.19
21.11.2015 4:46:0;83.09;74.84
21.11.2015 4:47:0;83.17;74.97
21.11.2015 4:48:0;83.17;75.62
21.11.2015 4:49:0;83.22;75.71
21.11.2015 4:50:0;83.39;75.53
21.11.2015 4:51:0;83.39;75.27
21.11.2015 4:52:0;83.39;75.19
21.11.2015 4:53:0;83.39;75.71
21.11.2015 4:54:0;83.39;75.92
21.11.2015 4:55:0;83.39;75.92
21.11.2015 4:56:0;83.30;75.79
21.11.2015 4:57:0;83.30;75.71
21.11.2015 4:58:0;83.22;75.79
21.11.2015 4:59:0;83.22;76.01
21.11.2015 5:0:0;83.22;76.19
21.11.2015 5:1:0;83.22;76.14
21.11.2015 5:2:0;83.22;75.92
21.11.2015 5:3:0;83.39;75.58
21.11.2015 5:4:0;83.39;75.58
21.11.2015 5:5:0;83.61;75.58
21.11.2015 5:6:0;83.74;75.27
21.11.2015 5:7:0;83.96;75.10
21.11.2015 5:8:0;83.96;74.88
21.11.2015 5:9:0;84.04;74.97
21.11.2015 5:10:0;84.04;75.58
21.11.2015 5:11:0;84.04;76.01
21.11.2015 5:12:0;84.04;76.01
21.11.2015 5:13:0;84.09;75.71
21.11.2015 5:14:0;84.17;76.19
21.11.2015 5:15:0;84.17;76.19
21.11.2015 5:16:0;84.30;76.62
21.11.2015 5:17:0;84.30;77.31
21.11.2015 5:18:0;84.30;77.66
21.11.2015 5:19:0;84.30;77.75
21.11.2015 5:20:0;84.30;78.01
21.11.2015 5:21:0;84.22;78.36
21.11.2015 5:22:0;84.17;78.83
21.11.2015 5:23:0;84.04;79.27
21.11.2015 5:24:0;84.04;79.66
21.11.2015 5:25:0;84.04;79.92
21.11.2015 5:26:0;84.04;80.14
21.11.2015 5:27:0;84.04;80.40
21.11.2015 5:28:0;84.04;80.57
21.11.2015 5:29:0;84.09;80.48
21.11.2015 5:30:0;84.09;80.57
21.11.2015 5:31:0;84.09;80.57
21.11.2015 5:32:0;84.17;80.57
21.11.2015 5:33:0;84.17;80.40
21.11.2015 5:34:0;84.17;80.31
21.11.2015 5:35:0;84.17;80.31
21.11.2015 5:36:0;84.17;80.40
21.11.2015 5:37:0;84.26;80.48
21.11.2015 5:38:0;84.26;80.40
21.11.2015 5:39:0;84.26;80.57
21.11.2015 5:40:0;84.26;80.57
21.11.2015 5:41:0;84.26;80.92
21.11.2015 5:42:0;84.17;81.00
21.11.2015 5:43:0;84.09;81.18
21.11.2015 5:44:0;84.09;81.18
21.11.2015 5:45:0;84.00;81.18
21.11.2015 5:46:0;83.87;80.79
21.11.2015 5:47:0;83.78;80.57
21.11.2015 5:48:0;83.78;80.57
21.11.2015 5:49:0;83.78;80.40
21.11.2015 5:50:0;83.78;80.92
21.11.2015 5:51:0;83.65;81.35
21.11.2015 5:52:0;83.65;81.35
21.11.2015 5:53:0;83.74;81.44
21.11.2015 5:54:0;83.74;81.35
21.11.2015 5:55:0;83.74;81.22
21.11.2015 5:56:0;83.74;81.22
21.11.2015 5:57:0;83.74;81.35
21.11.2015 5:58:0;83.78;81.44
21.11.2015 5:59:0;83.78;81.35
21.11.2015 6:0:0;83.78;81.44
21.11.2015 6:1:0;83.78;81.57
21.11.2015 6:2:0;83.78;81.57
21.11.2015 6:3:0;83.87;81.57
21.11.2015 6:4:0;83.87;81.57
21.11.2015 6:5:0;83.87;81.48
21.11.2015 6:6:0;83.78;81.48
21.11.2015 6:7:0;83.78;81.35
21.11.2015 6:8:0;83.61;81.22
21.11.2015 6:9:0;83.61;81.22
21.11.2015 6:10:0;83.52;81.00
21.11.2015 6:11:0;83.52;80.92
21.11.2015 6:12:0;83.52;80.79
21.11.2015 6:13:0;83.65;80.61
21.11.2015 6:14:0;83.74;80.27
21.11.2015 6:15:0;83.74;80.74
21.11.2015 6:16:0;83.83;81.00
21.11.2015 6:17:0;83.96;81.18
21.11.2015 6:18:0;83.87;81.18
21.11.2015 6:19:0;83.96;81.44
21.11.2015 6:20:0;83.96;81.44
21.11.2015 6:21:0;83.78;81.57
21.11.2015 6:22:0;83.78;81.61
21.11.2015 6:23:0;83.61;81.83
21.11.2015 6:24:0;83.61;81.70
21.11.2015 6:25:0;83.61;81.83
21.11.2015 6:26:0;83.52;82.05
21.11.2015 6:27:0;83.43;81.92
21.11.2015 6:28:0;83.43;81.92
21.11.2015 6:29:0;83.39;81.83
21.11.2015 6:30:0;83.39;81.83
21.11.2015 6:31:0;83.39;81.92
21.11.2015 6:32:0;83.39;81.83
21.11.2015 6:33:0;83.52;81.92
21.11.2015 6:34:0;83.52;81.92
21.11.2015 6:35:0;83.52;81.83
21.11.2015 6:36:0;83.52;81.92
21.11.2015 6:37:0;83.61;82.05
21.11.2015 6:38:0;83.52;81.92
21.11.2015 6:39:0;83.61;82.05
21.11.2015 6:40:0;83.61;82.13
21.11.2015 6:41:0;83.65;82.05
21.11.2015 6:42:0;83.78;82.05
21.11.2015 6:43:0;83.78;82.13
21.11.2015 6:44:0;83.87;82.13
21.11.2015 6:45:0;83.87;81.92
21.11.2015 6:46:0;83.87;81.92
21.11.2015 6:47:0;83.87;82.05
21.11.2015 6:48:0;83.78;82.13
21.11.2015 6:49:0;83.78;81.92
21.11.2015 6:50:0;83.78;82.13
21.11.2015 6:51:0;83.78;82.13
21.11.2015 6:52:0;83.61;82.05
21.11.2015 6:53:0;83.61;82.13
21.11.2015 6:54:0;83.52;82.13
21.11.2015 6:55:0;83.52;82.05
21.11.2015 6:56:0;83.43;82.05
21.11.2015 6:57:0;83.43;82.13
21.11.2015 6:58:0;83.35;82.05
21.11.2015 6:59:0;83.43;81.92
21.11.2015 7:0:0;83.52;81.92
21.11.2015 7:1:0;83.61;81.92
21.11.2015 7:2:0;83.74;81.83
21.11.2015 7:3:0;83.83;81.83
21.11.2015 7:4:0;83.83;81.83
21.11.2015 7:5:0;83.96;81.70
21.11.2015 7:6:0;83.96;81.70
21.11.2015 7:7:0;83.96;81.70
21.11.2015 7:8:0;83.96;81.48
21.11.2015 7:9:0;83.87;81.57
21.11.2015 7:10:0;83.78;81.61
21.11.2015 7:11:0;83.65;81.61
21.11.2015 7:12:0;83.61;81.61
21.11.2015 7:13:0;83.61;81.61
21.11.2015 7:14:0;83.52;81.70
21.11.2015 7:15:0;83.43;81.70
21.11.2015 7:16:0;83.43;81.70
21.11.2015 7:17:0;83.35;81.83
21.11.2015 7:18:0;83.35;81.83
21.11.2015 7:19:0;83.35;81.83
21.11.2015 7:20:0;83.35;81.83
21.11.2015 7:21:0;83.43;81.83
21.11.2015 7:22:0;83.52;81.70
21.11.2015 7:23:0;83.61;81.70
21.11.2015 7:24:0;83.74;81.61
21.11.2015 7:25:0;83.78;81.48
21.11.2015 7:26:0;83.78;81.48
21.11.2015 7:27:0;83.78;81.57
21.11.2015 7:28:0;83.87;81.48
21.11.2015 7:29:0;83.87;81.44
21.11.2015 7:30:0;83.96;81.57
21.11.2015 7:31:0;83.87;81.48
21.11.2015 7:32:0;83.78;81.57
21.11.2015 7:33:0;83.78;81.70
21.11.2015 7:34:0;83.65;81.83
21.11.2015 7:35:0;83.74;81.83
21.11.2015 7:36:0;83.65;81.83
21.11.2015 7:37:0;83.61;81.83
21.11.2015 7:38:0;83.61;81.83
21.11.2015 7:39:0;83.56;81.70
21.11.2015 7:40:0;83.56;81.70
21.11.2015 7:41:0;83.56;81.61
21.11.2015 7:42:0;83.56;81.61
21.11.2015 7:43:0;83.56;81.61
21.11.2015 7:44:0;83.52;81.48
21.11.2015 7:45:0;83.52;81.48
21.11.2015 7:46:0;83.43;81.57
21.11.2015 7:47:0;83.52;81.44
21.11.2015 7:48:0;83.52;81.44
21.11.2015 7:49:0;83.52;81.44
21.11.2015 7:50:0;83.52;81.44
21.11.2015 7:51:0;83.52;81.44
21.11.2015 7:52:0;83.52;81.48
21.11.2015 7:53:0;83.52;81.57
21.11.2015 7:54:0;83.35;81.57
21.11.2015 7:55:0;83.35;81.70
21.11.2015 7:56:0;83.13;81.70
21.11.2015 7:57:0;83.00;81.70
21.11.2015 7:58:0;82.74;81.83
21.11.2015 7:59:0;82.48;81.83
21.11.2015 8:0:0;82.48;81.83
21.11.2015 8:1:0;82.48;81.83
21.11.2015 8:2:0;82.57;81.83
21.11.2015 8:3:0;82.74;81.83
21.11.2015 8:4:0;82.96;81.70
21.11.2015 8:5:0;83.17;81.48
21.11.2015 8:6:0;83.39;81.70
21.11.2015 8:7:0;83.56;81.70
21.11.2015 8:8:0;83.65;81.61
21.11.2015 8:9:0;83.78;81.61
21.11.2015 8:10:0;83.87;81.61
21.11.2015 8:11:0;83.96;81.57
21.11.2015 8:12:0;84.04;81.57
21.11.2015 8:13:0;84.26;81.61
21.11.2015 8:14:0;84.48;81.61
21.11.2015 8:15:0;84.82;81.83
21.11.2015 8:16:0;85.08;81.83
21.11.2015 8:17:0;85.26;81.83
21.11.2015 8:18:0;85.34;81.92
21.11.2015 8:19:0;85.34;81.92
21.11.2015 8:20:0;85.17;81.83
21.11.2015 8:21:0;84.95;81.92
21.11.2015 8:22:0;84.74;81.92
21.11.2015 8:23:0;84.43;81.83
21.11.2015 8:24:0;84.17;81.83
21.11.2015 8:25:0;84.09;81.70
21.11.2015 8:26:0;83.87;81.70
21.11.2015 8:27:0;83.78;81.61
21.11.2015 8:28:0;83.65;81.61
21.11.2015 8:29:0;83.56;81.61
21.11.2015 8:30:0;83.56;81.61
21.11.2015 8:31:0;83.56;81.61
21.11.2015 8:32:0;83.61;81.61
21.11.2015 8:33:0;83.61;81.61
21.11.2015 8:34:0;83.65;81.83
21.11.2015 8:35:0;83.74;81.83
21.11.2015 8:36:0;83.74;81.83
21.11.2015 8:37:0;83.74;81.92
21.11.2015 8:38:0;83.74;81.92
21.11.2015 8:39:0;83.65;82.05
21.11.2015 8:40:0;83.65;81.92
21.11.2015 8:41:0;83.56;81.83
21.11.2015 8:42:0;83.56;81.92
21.11.2015 8:43:0;83.43;81.83
21.11.2015 8:44:0;83.39;81.83
21.11.2015 8:45:0;83.30;81.83
21.11.2015 8:46:0;83.13;81.83
21.11.2015 8:47:0;83.13;81.70
21.11.2015 8:48:0;83.00;81.70
21.11.2015 8:49:0;82.91;81.70
21.11.2015 8:50:0;83.09;81.70
21.11.2015 8:51:0;82.91;81.61
21.11.2015 8:52:0;82.91;81.61
21.11.2015 8:53:0;82.91;81.70
21.11.2015 8:54:0;82.96;81.61
21.11.2015 8:55:0;83.09;81.61
21.11.2015 8:56:0;83.17;81.70
21.11.2015 8:57:0;83.35;81.61
21.11.2015 8:58:0;83.43;81.57
21.11.2015 8:59:0;83.52;81.61
21.11.2015 9:0:0;83.61;81.61
21.11.2015 9:1:0;83.78;81.61
21.11.2015 9:2:0;83.83;81.57
21.11.2015 9:3:0;83.96;81.44
21.11.2015 9:4:0;83.96;81.44
21.11.2015 9:5:0;84.04;81.35
21.11.2015 9:6:0;84.04;81.22
21.11.2015 9:7:0;84.04;81.13
21.11.2015 9:8:0;84.04;81.00
21.11.2015 9:9:0;84.17;80.92
21.11.2015 9:10:0;84.09;80.79
21.11.2015 9:11:0;84.17;80.79
21.11.2015 9:12:0;84.09;80.79
21.11.2015 9:13:0;84.09;80.79
21.11.2015 9:14:0;84.09;81.00
21.11.2015 9:15:0;84.00;81.00
21.11.2015 9:16:0;84.00;81.22
21.11.2015 9:17:0;84.00;81.44
21.11.2015 9:18:0;84.09;81.57
21.11.2015 9:19:0;84.09;81.48
21.11.2015 9:20:0;84.09;81.83
21.11.2015 9:21:0;84.09;81.83
21.11.2015 9:22:0;84.04;82.05
21.11.2015 9:23:0;84.04;82.26
21.11.2015 9:24:0;83.87;82.26
21.11.2015 9:25:0;83.87;82.26
21.11.2015 9:26:0;83.87;82.74
21.11.2015 9:27:0;83.83;82.74
21.11.2015 9:28:0;83.83;82.91
21.11.2015 9:29:0;83.74;82.91
21.11.2015 9:30:0;83.65;83.09
21.11.2015 9:31:0;83.56;82.78
21.11.2015 9:32:0;83.56;82.78
21.11.2015 9:33:0;83.56;82.70
21.11.2015 9:34:0;83.56;82.44
21.11.2015 9:35:0;83.56;82.31
21.11.2015 9:36:0;83.65;82.13
21.11.2015 9:37:0;83.74;82.05
21.11.2015 9:38:0;83.74;81.70
21.11.2015 9:39:0;83.74;81.83
21.11.2015 9:40:0;83.65;81.83
21.11.2015 9:41:0;83.65;81.83
21.11.2015 9:42:0;83.56;81.61
21.11.2015 9:43:0;83.56;81.61
21.11.2015 9:44:0;83.39;81.61
21.11.2015 9:45:0;83.43;81.61
21.11.2015 9:46:0;83.52;81.70
21.11.2015 9:47:0;83.52;81.83
21.11.2015 9:48:0;83.52;81.83
21.11.2015 9:49:0;83.43;81.83
21.11.2015 9:50:0;83.56;81.83
21.11.2015 9:51:0;83.56;81.70
21.11.2015 9:52:0;83.56;81.61
21.11.2015 9:53:0;83.43;81.48
21.11.2015 9:54:0;83.39;81.48
21.11.2015 9:55:0;83.39;81.35
21.11.2015 9:56:0;83.39;81.35
21.11.2015 9:57:0;83.39;81.22
21.11.2015 9:58:0;83.39;81.22
21.11.2015 9:59:0;83.43;80.92
21.11.2015 10:0:0;83.52;81.00
21.11.2015 10:1:0;83.52;81.00
21.11.2015 10:2:0;83.52;80.92
21.11.2015 10:3:0;83.52;81.00
21.11.2015 10:4:0;83.52;81.00
21.11.2015 10:5:0;83.52;81.22
21.11.2015 10:6:0;83.52;81.44
21.11.2015 10:7:0;83.52;81.61
21.11.2015 10:8:0;83.61;81.83
21.11.2015 10:9:0;83.61;81.92
21.11.2015 10:10:0;83.61;81.92
21.11.2015 10:11:0;83.65;81.92
21.11.2015 10:12:0;83.83;82.13
21.11.2015 10:13:0;83.83;82.13
21.11.2015 10:14:0;83.96;82.13
21.11.2015 10:15:0;84.04;82.26
21.11.2015 10:16:0;84.17;82.26
21.11.2015 10:17:0;84.17;82.26
21.11.2015 10:18:0;84.26;82.26
21.11.2015 10:19:0;84.39;82.26
21.11.2015 10:20:0;84.52;82.26
21.11.2015 10:21:0;84.74;82.26
21.11.2015 10:22:0;84.91;82.26
21.11.2015 10:23:0;84.95;82.26
21.11.2015 10:24:0;85.13;82.26
21.11.2015 10:25:0;85.13;82.26
21.11.2015 10:26:0;85.13;82.26
21.11.2015 10:27:0;85.13;82.26
21.11.2015 10:28:0;85.13;82.13
21.11.2015 10:29:0;85.26;82.13
21.11.2015 10:30:0;85.17;82.13
21.11.2015 10:31:0;85.17;82.05
21.11.2015 10:32:0;84.87;82.05
21.11.2015 10:33:0;84.82;82.05
21.11.2015 10:34:0;84.39;81.87
21.11.2015 10:35:0;84.17;81.87
21.11.2015 10:36:0;83.87;81.87
21.11.2015 10:37:0;83.52;81.87
21.11.2015 10:38:0;83.39;81.87
21.11.2015 10:39:0;83.17;81.87
21.11.2015 10:40:0;83.09;81.87
21.11.2015 10:41:0;83.00;81.87
21.11.2015 10:42:0;82.96;81.87
21.11.2015 10:43:0;82.96;81.87
21.11.2015 10:44:0;83.00;81.87
21.11.2015 10:45:0;83.09;81.87
21.11.2015 10:46:0;83.13;81.70
21.11.2015 10:47:0;83.13;81.83
21.11.2015 10:48:0;83.13;81.70
21.11.2015 10:49:0;83.13;81.70
21.11.2015 10:50:0;83.30;81.70
21.11.2015 10:51:0;83.39;81.70
21.11.2015 10:52:0;83.39;81.70
21.11.2015 10:53:0;83.74;81.83
21.11.2015 10:54:0;83.78;81.83
21.11.2015 10:55:0;83.78;81.83
21.11.2015 10:56:0;83.78;81.83
21.11.2015 10:57:0;83.78;81.70
21.11.2015 10:58:0;83.78;81.70
21.11.2015 10:59:0;83.65;81.70
21.11.2015 11:0:0;83.65;81.70
21.11.2015 11:1:0;83.65;81.70
21.11.2015 11:2:0;83.65;81.61
21.11.2015 11:3:0;83.65;81.70
21.11.2015 11:4:0;83.65;81.83
21.11.2015 11:5:0;83.74;81.83
21.11.2015 11:6:0;83.65;81.83
21.11.2015 11:7:0;83.65;81.83
21.11.2015 11:8:0;83.74;81.83
21.11.2015 11:9:0;83.74;81.83
21.11.2015 11:10:0;83.83;82.05
21.11.2015 11:11:0;83.96;82.05
21.11.2015 11:12:0;83.87;82.05
21.11.2015 11:13:0;83.83;82.26
21.11.2015 11:14:0;83.96;82.26
21.11.2015 11:15:0;83.96;82.26
21.11.2015 11:16:0;83.96;82.44
21.11.2015 11:17:0;83.83;82.44
21.11.2015 11:18:0;83.83;82.44
21.11.2015 11:19:0;83.83;82.65
21.11.2015 11:20:0;83.74;82.74
21.11.2015 11:21:0;83.65;82.74
21.11.2015 11:22:0;83.52;82.91
21.11.2015 11:23:0;83.61;83.09
21.11.2015 11:24:0;83.61;83.09
21.11.2015 11:25:0;83.52;83.17
21.11.2015 11:26:0;83.52;83.17
21.11.2015 11:27:0;83.61;83.17
21.11.2015 11:28:0;83.61;83.35
21.11.2015 11:29:0;83.65;83.35
21.11.2015 11:30:0;83.74;83.35
21.11.2015 11:31:0;83.61;83.35
21.11.2015 11:32:0;83.52;83.22
21.11.2015 11:33:0;83.22;83.13
21.11.2015 11:34:0;83.09;83.13
21.11.2015 11:35:0;82.70;82.78
21.11.2015 11:36:0;82.44;82.70
21.11.2015 11:37:0;82.44;82.44
21.11.2015 11:38:0;82.44;82.31
21.11.2015 11:39:0;82.48;82.05
21.11.2015 11:40:0;82.70;81.87
21.11.2015 11:41:0;82.96;81.70
21.11.2015 11:42:0;83.09;81.48
21.11.2015 11:43:0;83.39;81.57
21.11.2015 11:44:0;83.78;81.44
21.11.2015 11:45:0;84.09;81.44
21.11.2015 11:46:0;84.48;81.44
21.11.2015 11:47:0;84.87;81.44
21.11.2015 11:48:0;85.26;81.44
21.11.2015 11:49:0;85.47;81.48
21.11.2015 11:50:0;85.95;81.61
21.11.2015 11:51:0;86.13;81.70
21.11.2015 11:52:0;86.21;81.70
21.11.2015 11:53:0;86.47;81.83
21.11.2015 11:54:0;86.56;81.92
21.11.2015 11:55:0;86.65;82.05
21.11.2015 11:56:0;86.69;82.05
21.11.2015 11:57:0;86.65;82.05
21.11.2015 11:58:0;86.65;81.87
21.11.2015 11:59:0;86.47;81.87
21.11.2015 12:0:0;86.39;82.05
21.11.2015 12:1:0;86.26;81.87
21.11.2015 12:2:0;86.17;81.87
21.11.2015 12:3:0;86.04;82.05
21.11.2015 12:4:0;86.04;81.87
21.11.2015 12:5:0;86.04;82.05
21.11.2015 12:6:0;85.95;82.05
21.11.2015 12:7:0;85.95;82.05
21.11.2015 12:8:0;85.82;82.05
21.11.2015 12:9:0;85.91;82.26
21.11.2015 12:10:0;85.95;82.13
21.11.2015 12:11:0;85.82;82.26
21.11.2015 12:12:0;85.78;82.26
21.11.2015 12:13:0;85.78;82.26
21.11.2015 12:14:0;85.91;82.26
21.11.2015 12:15:0;86.00;82.26
21.11.2015 12:16:0;86.13;82.13
21.11.2015 12:17:0;86.13;82.13
21.11.2015 12:18:0;86.26;82.05
21.11.2015 12:19:0;86.34;82.05
21.11.2015 12:20:0;86.43;82.05
21.11.2015 12:21:0;86.65;81.87
21.11.2015 12:22:0;86.56;82.05
21.11.2015 12:23:0;86.69;82.05
21.11.2015 12:24:0;86.78;82.05
21.11.2015 12:25:0;86.69;81.87
21.11.2015 12:26:0;86.65;81.87
21.11.2015 12:27:0;86.78;82.05
21.11.2015 12:28:0;86.86;81.83
21.11.2015 12:29:0;86.86;81.61
21.11.2015 12:30:0;86.86;81.44
21.11.2015 12:31:0;86.99;81.13
21.11.2015 12:32:0;87.04;81.00
21.11.2015 12:33:0;87.04;80.92
21.11.2015 12:34:0;87.21;81.00
21.11.2015 12:35:0;87.25;81.00
21.11.2015 12:36:0;87.34;81.35
21.11.2015 12:37:0;87.51;81.44
21.11.2015 12:38:0;87.65;81.57
21.11.2015 12:39:0;87.73;81.83
21.11.2015 12:40:0;87.73;82.13
21.11.2015 12:41:0;87.86;82.52
21.11.2015 12:42:0;87.95;82.91
21.11.2015 12:43:0;88.08;83.17
21.11.2015 12:44:0;88.08;83.43
21.11.2015 12:45:0;88.17;84.00
21.11.2015 12:46:0;88.30;84.26
21.11.2015 12:47:0;88.38;84.48
21.11.2015 12:48:0;88.38;84.48
21.11.2015 12:49:0;88.38;84.65
21.11.2015 12:50:0;88.51;84.65
21.11.2015 12:51:0;88.51;84.74
21.11.2015 12:52:0;88.60;84.87
21.11.2015 12:53:0;88.60;84.87
21.11.2015 12:54:0;88.60;84.87
21.11.2015 12:55:0;88.73;84.74
21.11.2015 12:56:0;88.82;84.65
21.11.2015 12:57:0;88.82;84.65
21.11.2015 12:58:0;88.95;84.52
21.11.2015 12:59:0;88.95;84.43
21.11.2015 13:0:0;89.03;84.43
21.11.2015 13:1:0;89.03;84.43
21.11.2015 13:2:0;89.21;84.43
21.11.2015 13:3:0;89.29;84.26
21.11.2015 13:4:0;89.42;84.26
21.11.2015 13:5:0;89.60;84.26
21.11.2015 13:6:0;89.82;84.39
21.11.2015 13:7:0;90.03;84.39
21.11.2015 13:8:0;90.03;84.39
21.11.2015 13:9:0;90.12;84.48
21.11.2015 13:10:0;90.12;84.48
21.11.2015 13:11:0;90.25;84.65
21.11.2015 13:12:0;90.25;84.87
21.11.2015 13:13:0;90.25;84.87
21.11.2015 13:14:0;90.34;84.95
21.11.2015 13:15:0;90.34;85.08
21.11.2015 13:16:0;90.38;85.08
21.11.2015 13:17:0;90.38;85.17
21.11.2015 13:18:0;90.47;85.13
21.11.2015 13:19:0;90.47;85.13
21.11.2015 13:20:0;90.47;85.26
21.11.2015 13:21:0;90.47;85.26
21.11.2015 13:22:0;90.51;85.34
21.11.2015 13:23:0;90.47;85.39
21.11.2015 13:24:0;90.38;85.39
21.11.2015 13:25:0;90.47;85.47
21.11.2015 13:26:0;90.47;85.47
21.11.2015 13:27:0;90.47;85.74
21.11.2015 13:28:0;90.47;85.82
21.11.2015 13:29:0;90.38;85.82
21.11.2015 13:30:0;90.47;85.82
21.11.2015 13:31:0;90.47;86.04
21.11.2015 13:32:0;90.51;86.17
21.11.2015 13:33:0;90.51;86.17
21.11.2015 13:34:0;90.51;86.17
21.11.2015 13:35:0;90.51;86.17
21.11.2015 13:36:0;90.60;86.43
21.11.2015 13:37:0;90.68;86.43
21.11.2015 13:38:0;90.77;86.47
21.11.2015 13:39:0;90.77;86.56
21.11.2015 13:40:0;90.90;86.56
21.11.2015 13:41:0;90.99;86.78
21.11.2015 13:42:0;90.99;86.78
21.11.2015 13:43:0;91.12;86.91
21.11.2015 13:44:0;91.20;86.82
21.11.2015 13:45:0;91.20;86.91
21.11.2015 13:46:0;91.20;87.12
21.11.2015 13:47:0;91.33;87.12
21.11.2015 13:48:0;91.38;87.12
21.11.2015 13:49:0;91.38;87.12
21.11.2015 13:50:0;91.47;87.30
21.11.2015 13:51:0;91.55;87.34
21.11.2015 13:52:0;91.55;87.51
21.11.2015 13:53:0;91.64;87.43
21.11.2015 13:54:0;91.81;87.43
21.11.2015 13:55:0;91.81;87.73
21.11.2015 13:56:0;91.81;87.73
21.11.2015 13:57:0;91.90;87.95
21.11.2015 13:58:0;91.99;88.12
21.11.2015 13:59:0;92.03;88.21
21.11.2015 14:0:0;92.03;88.34
21.11.2015 14:1:0;92.03;88.34
21.11.2015 14:2:0;92.12;88.34
21.11.2015 14:3:0;92.20;88.51
21.11.2015 14:4:0;92.20;88.51
21.11.2015 14:5:0;92.20;88.64
21.11.2015 14:6:0;91.99;88.51
21.11.2015 14:7:0;92.25;88.51
21.11.2015 14:8:0;92.25;88.64
21.11.2015 14:9:0;92.33;88.64
21.11.2015 14:10:0;92.33;88.64
21.11.2015 14:11:0;92.33;88.77
21.11.2015 14:12:0;92.33;88.77
21.11.2015 14:13:0;92.33;88.77
21.11.2015 14:14:0;92.25;88.77
21.11.2015 14:15:0;92.25;88.77
21.11.2015 14:16:0;92.25;88.77
21.11.2015 14:17:0;92.33;88.77
21.11.2015 14:18:0;92.33;88.73
21.11.2015 14:19:0;92.42;88.82
21.11.2015 14:20:0;92.42;88.82
21.11.2015 14:21:0;92.42;88.82
21.11.2015 14:22:0;92.51;88.82
21.11.2015 14:23:0;92.72;88.82
21.11.2015 14:24:0;92.72;88.73
21.11.2015 14:25:0;92.85;88.73
21.11.2015 14:26:0;92.85;88.51
21.11.2015 14:27:0;92.94;88.38
21.11.2015 14:28:0;93.11;88.34
21.11.2015 14:29:0;93.20;88.64
21.11.2015 14:30:0;93.20;88.64
21.11.2015 14:31:0;93.29;88.64
21.11.2015 14:32:0;93.33;88.64
21.11.2015 14:33:0;93.33;88.51
21.11.2015 14:34:0;93.51;88.38
21.11.2015 14:35:0;93.51;88.38
21.11.2015 14:36:0;93.51;88.21
21.11.2015 14:37:0;93.59;88.12
21.11.2015 14:38:0;93.59;88.12
21.11.2015 14:39:0;93.64;88.64
21.11.2015 14:40:0;93.72;88.82
21.11.2015 14:41:0;93.72;89.03
21.11.2015 14:42:0;93.72;89.03
21.11.2015 14:43:0;93.72;88.95
21.11.2015 14:44:0;93.72;88.95
21.11.2015 14:45:0;93.81;88.73
21.11.2015 14:46:0;93.85;88.64
21.11.2015 14:47:0;93.85;88.51
21.11.2015 14:48:0;93.94;88.51
21.11.2015 14:49:0;93.94;88.77
21.11.2015 14:50:0;94.03;89.03
21.11.2015 14:51:0;93.94;89.03
21.11.2015 14:52:0;93.98;89.03
21.11.2015 14:53:0;93.98;88.95
21.11.2015 14:54:0;93.94;88.86
21.11.2015 14:55:0;93.98;88.73
21.11.2015 14:56:0;93.98;88.64
21.11.2015 14:57:0;93.98;88.51
21.11.2015 14:58:0;93.98;88.51
21.11.2015 14:59:0;94.20;89.03
21.11.2015 15:0:0;93.98;89.51
21.11.2015 15:1:0;93.98;89.64
21.11.2015 15:2:0;93.94;89.73
21.11.2015 15:3:0;93.85;89.64
21.11.2015 15:4:0;93.85;89.51
21.11.2015 15:5:0;93.77;89.42
21.11.2015 15:6:0;93.64;89.21
21.11.2015 15:7:0;93.64;89.21
21.11.2015 15:8:0;93.55;89.08
21.11.2015 15:9:0;93.42;89.08
21.11.2015 15:10:0;93.42;88.95
21.11.2015 15:11:0;93.33;88.82
21.11.2015 15:12:0;93.20;88.73
21.11.2015 15:13:0;93.11;88.64
21.11.2015 15:14:0;93.11;88.38
21.11.2015 15:15:0;92.98;88.30
21.11.2015 15:16:0;92.90;88.12
21.11.2015 15:17:0;92.77;87.99
21.11.2015 15:18:0;92.68;87.86
21.11.2015 15:19:0;92.46;87.65
21.11.2015 15:20:0;92.46;87.51
21.11.2015 15:21:0;92.29;87.30
21.11.2015 15:22:0;92.12;87.21
21.11.2015 15:23:0;92.03;87.04
21.11.2015 15:24:0;91.90;86.91
21.11.2015 15:25:0;91.81;86.82
21.11.2015 15:26:0;91.81;86.60
21.11.2015 15:27:0;91.68;86.47
21.11.2015 15:28:0;91.64;86.34
21.11.2015 15:29:0;91.64;86.13
21.11.2015 15:30:0;91.64;86.04
21.11.2015 15:31:0;91.64;85.82
21.11.2015 15:32:0;91.86;85.74
21.11.2015 15:33:0;91.77;85.60
21.11.2015 15:34:0;91.77;85.52
21.11.2015 15:35:0;91.90;85.13
21.11.2015 15:36:0;92.07;86.43
21.11.2015 15:37:0;92.07;87.86
21.11.2015 15:38:0;92.25;88.30
21.11.2015 15:39:0;92.42;88.38
21.11.2015 15:40:0;92.46;88.73
21.11.2015 15:41:0;92.46;89.03
21.11.2015 15:42:0;92.51;89.03
21.11.2015 15:43:0;92.68;89.21
21.11.2015 15:44:0;92.64;89.42
21.11.2015 15:45:0;92.64;89.29
21.11.2015 15:46:0;92.64;89.42
21.11.2015 15:47:0;92.64;89.21
21.11.2015 15:48:0;92.55;89.21
21.11.2015 15:49:0;92.55;89.08
21.11.2015 15:50:0;92.64;88.82
21.11.2015 15:51:0;92.64;88.73
21.11.2015 15:52:0;92.64;88.64
21.11.2015 15:53:0;92.72;88.38
21.11.2015 15:54:0;92.77;88.30
21.11.2015 15:55:0;92.85;88.51
21.11.2015 15:56:0;92.94;88.95
21.11.2015 15:57:0;92.94;89.03
21.11.2015 15:58:0;92.98;89.03
21.11.2015 15:59:0;93.20;89.21
21.11.2015 16:0:0;93.29;89.21
21.11.2015 16:1:0;93.51;89.29
21.11.2015 16:2:0;93.64;89.51
21.11.2015 16:3:0;93.94;89.64
21.11.2015 16:4:0;94.07;89.73
21.11.2015 16:5:0;94.37;89.29
21.11.2015 16:6:0;94.46;89.21
21.11.2015 16:7:0;94.63;89.21
21.11.2015 16:8:0;94.85;89.08
21.11.2015 16:9:0;94.81;89.08
21.11.2015 16:10:0;94.89;88.95
21.11.2015 16:11:0;94.72;88.95
21.11.2015 16:12:0;94.89;88.64
21.11.2015 16:13:0;95.02;89.42
21.11.2015 16:14:0;95.02;89.90
21.11.2015 16:15:0;95.15;90.16
21.11.2015 16:16:0;95.15;90.90
21.11.2015 16:17:0;95.15;91.20
21.11.2015 16:18:0;95.11;91.20
21.11.2015 16:19:0;95.11;91.42
21.11.2015 16:20:0;95.24;91.42
21.11.2015 16:21:0;95.07;91.42
21.11.2015 16:22:0;95.07;90.99
21.11.2015 16:23:0;95.15;91.12
21.11.2015 16:24:0;95.33;91.20
21.11.2015 16:25:0;95.46;91.20
21.11.2015 16:26:0;95.68;91.12
21.11.2015 16:27:0;95.94;91.12
21.11.2015 16:28:0;96.20;90.90
21.11.2015 16:29:0;96.46;90.60
21.11.2015 16:30:0;96.76;90.81
21.11.2015 16:31:0;96.98;90.90
21.11.2015 16:32:0;97.20;90.60
21.11.2015 16:33:0;97.33;90.51
21.11.2015 16:34:0;97.46;90.60
21.11.2015 16:35:0;97.54;90.51
21.11.2015 16:36:0;97.67;90.51
21.11.2015 16:37:0;97.67;90.51
21.11.2015 16:38:0;97.67;90.16
21.11.2015 16:39:0;97.67;90.16
21.11.2015 16:40:0;97.63;90.16
21.11.2015 16:41:0;97.54;90.16
21.11.2015 16:42:0;97.54;90.16
21.11.2015 16:43:0;97.46;89.73
21.11.2015 16:44:0;97.67;89.82
21.11.2015 16:45:0;97.46;89.82
21.11.2015 16:46:0;97.46;89.69
21.11.2015 16:47:0;97.50;89.29
21.11.2015 16:48:0;97.63;89.42
21.11.2015 16:49:0;97.72;89.42
21.11.2015 16:50:0;97.85;89.42
21.11.2015 16:51:0;97.93;89.42
21.11.2015 16:52:0;97.93;89.42
21.11.2015 16:53:0;98.06;89.42
21.11.2015 16:54:0;97.98;89.64
21.11.2015 16:55:0;97.98;89.64
21.11.2015 16:56:0;97.89;89.51
21.11.2015 16:57:0;97.76;89.73
21.11.2015 16:58:0;97.67;89.82
21.11.2015 16:59:0;97.67;89.64
21.11.2015 17:0:0;97.41;89.38
21.11.2015 17:1:0;97.33;89.51
21.11.2015 17:2:0;97.24;89.42
21.11.2015 17:3:0;97.11;89.29
21.11.2015 17:4:0;97.02;89.29
21.11.2015 17:5:0;96.89;89.21
21.11.2015 17:6:0;96.80;89.51
21.11.2015 17:7:0;96.80;89.51
21.11.2015 17:8:0;96.67;89.73
21.11.2015 17:9:0;96.59;89.82
21.11.2015 17:10:0;96.59;89.82
21.11.2015 17:11:0;96.37;90.03
21.11.2015 17:12:0;96.33;90.12
21.11.2015 17:13:0;96.20;90.12
21.11.2015 17:14:0;96.11;90.12
21.11.2015 17:15:0;96.02;90.47
21.11.2015 17:16:0;96.02;90.47
21.11.2015 17:17:0;96.11;90.08
21.11.2015 17:18:0;96.20;90.16
21.11.2015 17:19:0;96.41;90.29
21.11.2015 17:20:0;96.59;90.29
21.11.2015 17:21:0;96.76;90.29
21.11.2015 17:22:0;96.98;90.16
21.11.2015 17:23:0;97.11;89.90
21.11.2015 17:24:0;97.33;89.90
21.11.2015 17:25:0;97.54;90.12
21.11.2015 17:26:0;97.46;90.60
21.11.2015 17:27:0;97.54;90.90
21.11.2015 17:28:0;97.41;91.42
21.11.2015 17:29:0;97.46;91.68
21.11.2015 17:30:0;97.33;91.68
21.11.2015 17:31:0;97.11;91.81
21.11.2015 17:32:0;96.89;92.20
21.11.2015 17:33:0;96.85;92.07
21.11.2015 17:34:0;96.63;91.99
21.11.2015 17:35:0;96.54;92.29
21.11.2015 17:36:0;96.37;92.29
21.11.2015 17:37:0;96.24;92.29
21.11.2015 17:38:0;96.11;92.20
21.11.2015 17:39:0;95.94;91.81
21.11.2015 17:40:0;95.72;91.42
21.11.2015 17:41:0;95.37;91.42
21.11.2015 17:42:0;95.24;91.99
21.11.2015 17:43:0;94.94;92.07
21.11.2015 17:44:0;94.85;92.20
21.11.2015 17:45:0;94.63;92.33
21.11.2015 17:46:0;94.37;92.68
21.11.2015 17:47:0;94.24;92.90
21.11.2015 17:48:0;94.07;92.77
21.11.2015 17:49:0;93.98;93.07
21.11.2015 17:50:0;93.77;93.51
21.11.2015 17:51:0;93.77;93.51
21.11.2015 17:52:0;93.64;93.20
21.11.2015 17:53:0;93.64;92.98
21.11.2015 17:54:0;93.55;93.42
21.11.2015 17:55:0;93.51;93.42
21.11.2015 17:56:0;93.51;93.59
21.11.2015 17:57:0;93.42;93.51
21.11.2015 17:58:0;93.51;93.42
21.11.2015 17:59:0;93.59;93.07
21.11.2015 18:0:0;93.59;93.72
21.11.2015 18:1:0;93.72;93.85
21.11.2015 18:2:0;93.85;93.94
21.11.2015 18:3:0;93.85;94.24
21.11.2015 18:4:0;94.03;94.50
21.11.2015 18:5:0;94.24;94.37
21.11.2015 18:6:0;94.16;94.63
21.11.2015 18:7:0;94.16;94.72
21.11.2015 18:8:0;94.24;94.72
21.11.2015 18:9:0;94.24;94.24
21.11.2015 18:10:0;94.24;94.07
21.11.2015 18:11:0;94.24;94.07
21.11.2015 18:12:0;94.24;94.42
21.11.2015 18:13:0;94.24;94.29
21.11.2015 18:14:0;94.29;94.16
21.11.2015 18:15:0;94.42;94.37
21.11.2015 18:16:0;94.68;94.37
21.11.2015 18:17:0;94.68;94.46
21.11.2015 18:18:0;94.81;94.72
21.11.2015 18:19:0;94.81;94.81
21.11.2015 18:20:0;95.02;94.81
21.11.2015 18:21:0;95.11;94.94
21.11.2015 18:22:0;95.15;94.94
21.11.2015 18:23:0;95.33;94.63
21.11.2015 18:24:0;95.46;94.42
21.11.2015 18:25:0;95.59;94.42
21.11.2015 18:26:0;95.68;94.50
21.11.2015 18:27:0;95.76;94.59
21.11.2015 18:28:0;95.94;94.46
21.11.2015 18:29:0;95.89;94.07
21.11.2015 18:30:0;95.81;94.37
21.11.2015 18:31:0;95.68;94.37
21.11.2015 18:32:0;95.68;94.46
21.11.2015 18:33:0;95.59;94.37
21.11.2015 18:34:0;95.50;94.37
21.11.2015 18:35:0;95.37;94.24
21.11.2015 18:36:0;95.29;94.07
21.11.2015 18:37:0;95.24;94.07
21.11.2015 18:38:0;95.07;93.77
21.11.2015 18:39:0;95.15;93.77
21.11.2015 18:40:0;95.07;93.59
21.11.2015 18:41:0;95.07;93.51
21.11.2015 18:42:0;95.11;93.42
21.11.2015 18:43:0;95.24;93.33
21.11.2015 18:44:0;95.33;92.98
21.11.2015 18:45:0;95.55;92.64
21.11.2015 18:46:0;95.68;93.07
21.11.2015 18:47:0;95.98;93.33
21.11.2015 18:48:0;95.98;93.33
21.11.2015 18:49:0;96.33;93.51
21.11.2015 18:50:0;96.41;93.94
21.11.2015 18:51:0;96.54;94.03
21.11.2015 18:52:0;96.54;94.24
21.11.2015 18:53:0;96.54;94.37
21.11.2015 18:54:0;96.59;94.50
21.11.2015 18:55:0;96.59;94.37
21.11.2015 18:56:0;96.59;94.37
21.11.2015 18:57:0;96.46;94.16
21.11.2015 18:58:0;96.41;94.03
21.11.2015 18:59:0;96.33;93.94
21.11.2015 19:0:0;96.33;93.72
21.11.2015 19:1:0;96.24;93.20
21.11.2015 19:2:0;96.24;94.03
21.11.2015 19:3:0;96.33;93.94
21.11.2015 19:4:0;96.37;93.94
21.11.2015 19:5:0;96.37;93.94
21.11.2015 19:6:0;96.46;93.94
21.11.2015 19:7:0;96.54;93.59
21.11.2015 19:8:0;96.63;93.07
21.11.2015 19:9:0;96.76;92.90
21.11.2015 19:10:0;96.80;92.68
21.11.2015 19:11:0;96.85;92.42
21.11.2015 19:12:0;96.89;92.20
21.11.2015 19:13:0;96.98;92.07
21.11.2015 19:14:0;97.11;91.99
21.11.2015 19:15:0;97.02;91.90
21.11.2015 19:16:0;97.06;91.81
21.11.2015 19:17:0;97.11;91.68
21.11.2015 19:18:0;97.20;91.25
21.11.2015 19:19:0;97.20;90.99
21.11.2015 19:20:0;97.28;91.20
21.11.2015 19:21:0;97.28;91.55
21.11.2015 19:22:0;97.54;91.55
21.11.2015 19:23:0;97.33;91.42
21.11.2015 19:24:0;97.33;91.25
21.11.2015 19:25:0;97.33;91.12
21.11.2015 19:26:0;97.24;91.12
21.11.2015 19:27:0;97.11;91.20
21.11.2015 19:28:0;96.98;91.12
21.11.2015 19:29:0;96.85;90.99
21.11.2015 19:30:0;96.85;90.81
21.11.2015 19:31:0;96.67;90.73
21.11.2015 19:32:0;96.59;90.60
21.11.2015 19:33:0;96.46;90.60
21.11.2015 19:34:0;96.37;90.51
21.11.2015 19:35:0;96.24;90.16
21.11.2015 19:36:0;96.24;89.90
21.11.2015 19:37:0;96.02;90.12
21.11.2015 19:38:0;95.94;90.60
21.11.2015 19:39:0;95.81;90.60
21.11.2015 19:40:0;95.72;90.73
21.11.2015 19:41:0;95.59;90.94
21.11.2015 19:42:0;95.50;90.94
21.11.2015 19:43:0;95.37;91.20
21.11.2015 19:44:0;95.46;91.68
21.11.2015 19:45:0;95.29;91.81
21.11.2015 19:46:0;95.29;91.90
21.11.2015 19:47:0;95.15;91.68
21.11.2015 19:48:0;95.11;91.68
21.11.2015 19:49:0;95.11;91.60
21.11.2015 19:50:0;95.15;91.60
21.11.2015 19:51:0;94.94;91.25
21.11.2015 19:52:0;94.85;90.99
21.11.2015 19:53:0;94.85;90.99
21.11.2015 19:54:0;0.00;90.77
21.11.2015 19:55:0;94.81;90.90
21.11.2015 19:56:0;94.85;91.42
21.11.2015 19:57:0;94.85;91.81
21.11.2015 19:58:0;94.89;91.81
21.11.2015 19:59:0;94.89;91.68
21.11.2015 20:0:0;95.07;92.20
21.11.2015 20:1:0;95.07;92.29
21.11.2015 20:2:0;95.24;92.29
21.11.2015 20:3:0;95.33;92.64
21.11.2015 20:4:0;95.50;92.64
21.11.2015 20:5:0;95.68;92.64
21.11.2015 20:6:0;95.76;92.64
21.11.2015 20:7:0;95.94;92.64
21.11.2015 20:8:0;96.02;92.51
21.11.2015 20:9:0;96.02;92.42
21.11.2015 20:10:0;96.02;92.20
21.11.2015 20:11:0;96.02;92.07
21.11.2015 20:12:0;95.94;91.99
21.11.2015 20:13:0;95.94;91.60
21.11.2015 20:14:0;95.72;91.99
21.11.2015 20:15:0;95.72;92.20
21.11.2015 20:16:0;95.59;92.29
21.11.2015 20:17:0;95.50;92.98
21.11.2015 20:18:0;95.37;93.20
21.11.2015 20:19:0;95.29;93.42
21.11.2015 20:20:0;95.15;93.72
21.11.2015 20:21:0;95.15;93.81
21.11.2015 20:22:0;95.07;93.72
21.11.2015 20:23:0;95.15;93.72
21.11.2015 20:24:0;95.11;93.51
21.11.2015 20:25:0;95.24;93.42
21.11.2015 20:26:0;95.24;93.33
21.11.2015 20:27:0;95.37;92.98
21.11.2015 20:28:0;95.46;91.99
21.11.2015 20:29:0;95.46;92.29
21.11.2015 20:30:0;95.68;92.72
21.11.2015 20:31:0;95.68;93.07
21.11.2015 20:32:0;95.76;92.98
21.11.2015 20:33:0;95.76;93.20
21.11.2015 20:34:0;95.76;93.33
21.11.2015 20:35:0;95.76;93.33
21.11.2015 20:36:0;95.76;93.72
21.11.2015 20:37:0;95.76;93.81
21.11.2015 20:38:0;95.76;93.85
21.11.2015 20:39:0;95.68;93.85
21.11.2015 20:40:0;95.76;94.03
21.11.2015 20:41:0;95.76;94.03
21.11.2015 20:42:0;95.89;93.85
21.11.2015 20:43:0;95.89;93.72
21.11.2015 20:44:0;95.98;93.59
21.11.2015 20:45:0;96.15;93.33
21.11.2015 20:46:0;96.15;92.90
21.11.2015 20:47:0;96.15;92.98
21.11.2015 20:48:0;96.24;93.72
21.11.2015 20:49:0;96.24;93.81
21.11.2015 20:50:0;96.15;94.07
21.11.2015 20:51:0;95.98;94.37
21.11.2015 20:52:0;95.98;94.37
21.11.2015 20:53:0;95.76;94.37
21.11.2015 20:54:0;95.68;94.37
21.11.2015 20:55:0;95.68;94.24
21.11.2015 20:56:0;95.59;94.37
21.11.2015 20:57:0;95.50;94.20
21.11.2015 20:58:0;95.46;94.03
21.11.2015 20:59:0;95.37;93.94
21.11.2015 21:0:0;95.46;93.77
21.11.2015 21:1:0;95.24;93.77
21.11.2015 21:2:0;95.24;93.51
21.11.2015 21:3:0;95.15;92.90
21.11.2015 21:4:0;95.24;93.59
21.11.2015 21:5:0;95.15;93.72
21.11.2015 21:6:0;95.24;93.59
21.11.2015 21:7:0;95.24;93.51
21.11.2015 21:8:0;95.37;93.33
21.11.2015 21:9:0;95.46;93.20
21.11.2015 21:10:0;95.59;92.98
21.11.2015 21:11:0;95.50;92.90
21.11.2015 21:12:0;95.81;92.77
21.11.2015 21:13:0;95.55;92.77
21.11.2015 21:14:0;95.89;92.68
21.11.2015 21:15:0;95.98;92.51
21.11.2015 21:16:0;95.98;92.42
21.11.2015 21:17:0;95.98;92.29
21.11.2015 21:18:0;95.98;91.60
21.11.2015 21:19:0;95.89;91.81
21.11.2015 21:20:0;96.02;92.20
21.11.2015 21:21:0;95.94;92.29
21.11.2015 21:22:0;96.02;92.29
21.11.2015 21:23:0;95.89;92.42
21.11.2015 21:24:0;96.02;92.51
21.11.2015 21:25:0;95.81;92.51
21.11.2015 21:26:0;95.81;92.51
21.11.2015 21:27:0;95.72;92.72
21.11.2015 21:28:0;95.68;92.72
21.11.2015 21:29:0;95.55;92.64
21.11.2015 21:30:0;95.72;92.51
21.11.2015 21:31:0;95.46;92.20
21.11.2015 21:32:0;95.46;91.90
21.11.2015 21:33:0;95.46;91.90
21.11.2015 21:34:0;95.37;91.68
21.11.2015 21:35:0;95.46;91.42
21.11.2015 21:36:0;95.59;91.64
21.11.2015 21:37:0;95.68;92.29
21.11.2015 21:38:0;95.94;92.64
21.11.2015 21:39:0;96.15;92.55
21.11.2015 21:40:0;95.81;92.90
21.11.2015 21:41:0;95.98;92.98
21.11.2015 21:42:0;95.98;92.90
21.11.2015 21:43:0;95.98;92.90
21.11.2015 21:44:0;96.02;92.77
21.11.2015 21:45:0;96.24;92.77
21.11.2015 21:46:0;96.33;92.77
21.11.2015 21:47:0;96.15;92.68
21.11.2015 21:48:0;96.15;91.90
21.11.2015 21:49:0;95.98;91.68
21.11.2015 21:50:0;95.98;91.68
21.11.2015 21:51:0;95.89;91.25
21.11.2015 21:52:0;95.89;91.81
21.11.2015 21:53:0;95.81;92.20
21.11.2015 21:54:0;95.81;92.51
21.11.2015 21:55:0;95.81;92.64
21.11.2015 21:56:0;95.76;92.77
21.11.2015 21:57:0;95.72;92.98
21.11.2015 21:58:0;95.72;92.98
21.11.2015 21:59:0;95.59;92.90
21.11.2015 22:0:0;95.76;92.77
21.11.2015 22:1:0;95.59;92.42
21.11.2015 22:2:0;95.46;92.90
21.11.2015 22:3:0;95.46;92.90
21.11.2015 22:4:0;95.37;92.90
21.11.2015 22:5:0;95.37;92.77
21.11.2015 22:6:0;95.29;92.77
21.11.2015 22:7:0;95.29;93.07
21.11.2015 22:8:0;95.29;92.98
21.11.2015 22:9:0;95.29;92.98
21.11.2015 22:10:0;95.29;92.77
21.11.2015 22:11:0;95.46;92.68
21.11.2015 22:12:0;95.37;93.20
21.11.2015 22:13:0;95.50;93.20
21.11.2015 22:14:0;95.68;93.11
21.11.2015 22:15:0;95.72;92.77
21.11.2015 22:16:0;95.72;92.98
21.11.2015 22:17:0;95.89;93.20
21.11.2015 22:18:0;95.89;93.33
21.11.2015 22:19:0;95.89;93.20
21.11.2015 22:20:0;95.89;93.20
21.11.2015 22:21:0;95.89;93.11
21.11.2015 22:22:0;95.89;92.77
21.11.2015 22:23:0;95.94;93.07
21.11.2015 22:24:0;95.89;93.07
21.11.2015 22:25:0;95.94;92.98
21.11.2015 22:26:0;95.81;92.90
21.11.2015 22:27:0;95.81;92.68
21.11.2015 22:28:0;95.81;92.77
21.11.2015 22:29:0;95.72;92.77
21.11.2015 22:30:0;95.76;92.68
21.11.2015 22:31:0;95.76;92.51
21.11.2015 22:32:0;95.76;92.64
21.11.2015 22:33:0;95.68;92.51
21.11.2015 22:34:0;95.72;92.64
21.11.2015 22:35:0;95.68;92.64
21.11.2015 22:36:0;95.68;92.64
21.11.2015 22:37:0;95.68;92.64
21.11.2015 22:38:0;95.59;92.72
21.11.2015 22:39:0;95.59;92.72
21.11.2015 22:40:0;95.55;92.51
21.11.2015 22:41:0;95.55;92.20
21.11.2015 22:42:0;95.55;92.20
21.11.2015 22:43:0;95.59;92.64
21.11.2015 22:44:0;95.59;92.64
21.11.2015 22:45:0;95.68;92.42
21.11.2015 22:46:0;95.68;92.77
21.11.2015 22:47:0;95.76;92.77
21.11.2015 22:48:0;95.76;92.98
21.11.2015 22:49:0;96.02;93.20
21.11.2015 22:50:0;95.81;93.20
21.11.2015 22:51:0;95.89;93.20
21.11.2015 22:52:0;95.89;92.98
21.11.2015 22:53:0;95.89;92.90
21.11.2015 22:54:0;95.89;92.77
21.11.2015 22:55:0;95.72;92.68
21.11.2015 22:56:0;95.89;92.29
21.11.2015 22:57:0;95.89;91.99
21.11.2015 22:58:0;95.81;91.90
21.11.2015 22:59:0;95.89;92.42
21.11.2015 23:0:0;95.94;92.72
21.11.2015 23:1:0;95.81;92.72
21.11.2015 23:2:0;95.81;92.90
21.11.2015 23:3:0;95.81;92.77
21.11.2015 23:4:0;95.89;92.90
21.11.2015 23:5:0;95.98;92.90
21.11.2015 23:6:0;95.76;92.90
21.11.2015 23:7:0;95.76;92.68
21.11.2015 23:8:0;95.76;92.51
21.11.2015 23:9:0;95.76;92.29
21.11.2015 23:10:0;95.68;92.20
21.11.2015 23:11:0;95.59;92.07
21.11.2015 23:12:0;95.59;91.99
21.11.2015 23:13:0;95.50;91.99
21.11.2015 23:14:0;95.50;91.86
21.11.2015 23:15:0;95.37;92.29
21.11.2015 23:16:0;95.33;92.64
21.11.2015 23:17:0;95.24;92.64
21.11.2015 23:18:0;95.15;92.90
21.11.2015 23:19:0;95.02;93.07
21.11.2015 23:20:0;95.07;93.07
21.11.2015 23:21:0;95.11;93.20
21.11.2015 23:22:0;95.11;93.33
21.11.2015 23:23:0;95.11;93.20
21.11.2015 23:24:0;95.11;93.11
21.11.2015 23:25:0;95.11;92.98
21.11.2015 23:26:0;95.11;92.77
21.11.2015 23:27:0;95.11;92.77
21.11.2015 23:28:0;95.11;92.68
21.11.2015 23:29:0;95.15;91.99
21.11.2015 23:30:0;95.24;91.90
21.11.2015 23:31:0;95.33;92.42
21.11.2015 23:32:0;95.37;92.72
21.11.2015 23:33:0;95.46;92.72
21.11.2015 23:34:0;95.55;92.72
21.11.2015 23:35:0;95.68;92.77
21.11.2015 23:36:0;95.68;92.77
21.11.2015 23:37:0;95.81;92.68
21.11.2015 23:38:0;95.76;92.77
21.11.2015 23:39:0;95.81;92.68
21.11.2015 23:40:0;95.81;92.51
21.11.2015 23:41:0;95.89;92.29
21.11.2015 23:42:0;95.89;92.20
21.11.2015 23:43:0;95.89;92.07
21.11.2015 23:44:0;95.98;91.99
21.11.2015 23:45:0;95.98;91.90
21.11.2015 23:46:0;95.76;91.68
21.11.2015 23:47:0;95.81;91.90
21.11.2015 23:48:0;95.81;92.20
21.11.2015 23:49:0;95.72;92.29
21.11.2015 23:50:0;95.72;92.29
21.11.2015 23:51:0;95.72;92.29
21.11.2015 23:52:0;95.72;92.51
21.11.2015 23:53:0;95.72;92.64
21.11.2015 23:54:0;95.72;92.29
21.11.2015 23:55:0;95.72;92.64
21.11.2015 23:56:0;95.89;92.72
21.11.2015 23:57:0;95.89;92.64
21.11.2015 23:58:0;95.94;92.64
21.11.2015 23:59:0;96.02;92.42
